{"cameraMode":{"drawMode":0,"name":"Shaded","section":"Shading Mode"},"sceneLighting":true,"audioPlay":false,"sceneViewState":{"showFog":true,"showMaterialUpdate":false,"showSkybox":true,"showFlares":true,"showImageEffects":true,"showParticleSystems":true},"in2DMode":false,"pivot":{"x":-4.6766357421875,"y":-99.82764434814453,"z":16.30218505859375},"rotation":{"x":0.004638482350856066,"y":0.9944162368774414,"z":-0.09305869042873383,"w":0.04956374317407608},"size":10.0,"orthographic":false}